"dataquarter","ufficio","tipocontribuzione","tipologiadocumento","nomedocumento","datacaricamento"
"2023-03-31","Ufficio Prodotti Vita","Contribuzione Fase 1","Assumptions Term","assumptions_term_SP_2023_03.xlsm","2023-06-14 14:07:42"
"2023-03-31","Ufficio Risk Management","Elaborazione SCR","Output Scr Stoc Va","SCR_31032023.zip","2023-06-22 13:48:58"
"2023-03-31","Ufficio Riserve","Contribuzione Fase 1","Assumptions Term","assumptions_term_RIS_2022_03.xlsm","2023-06-19 09:43:40"
"2023-03-31","Ufficio Prodotti Vita","Contribuzione Fase 1","Assumptions Traditional","assumptions_trad_SP_2023_03.xlsm","2023-06-14 14:06:25"
"2023-03-31","Ufficio Risk Management","Elaborazione SCR",,"SII_NoVA_1Q2023_BL.xlsx","2023-06-22 12:10:49"
"2023-03-31","Ufficio Riserve","Contribuzione Fase 1","Assumptions Traditional","assumptions_trad_RIS_2022_03.xlsm","2023-06-19 09:43:20"
"2023-03-31","Ufficio Pianificazione e Controllo","Contribuzione Fase 1","Assumptions Linked","assumptions_linked_PC_2023_03.xlsm","2023-06-15 08:51:02"
"2023-03-31","Ufficio Risk Management","Elaborazione SCR",,"SII_VA_1Q2023_BL.xlsx","2023-06-22 12:10:48"
"2023-03-31","Ufficio Riserve","Contribuzione Fase 1","Model Point Linked","linked_input.csv","2023-06-19 09:44:09"
"2023-03-31","Ufficio Pianificazione e Controllo","Contribuzione Fase 1","Assumptions Term","assumptions_term_PC_2023_03.xlsm","2023-06-15 08:51:16"
"2023-03-31","Ufficio Risk Management","Elaborazione SCR","Report Scr","SII_NoVA_1Q2023_BL.xlsx","2023-06-22 12:14:09"
"2023-03-31","Ufficio Riserve","Contribuzione Fase 1","Model Point Term","term_input.csv","2023-06-19 09:44:23"
"2023-03-31","Ufficio Pianificazione e Controllo","Contribuzione Fase 1","Assumptions Traditional","assumptions_trad_PC_2023_03.xlsm","2023-06-15 08:49:51"
"2023-03-31","Ufficio Risk Management","Elaborazione SCR","Altro","SII_VA_1Q2023_BL.xlsx","2023-06-22 12:18:10"
"2023-03-31","Ufficio Riserve","Contribuzione Fase 1","Model Point Trad","traditional_input.csv","2023-06-19 09:43:55"
"2023-03-31","Ufficio Risk Management","Contribuzione Fase 1","Assumptions Company","assumptions_company_RM_2023_03.xlsm","2023-06-15 09:55:36"
"2023-03-31","Ufficio Risk Management","Elaborazione SCR","Output Scr Stoc Nova","output 1.txt","2023-06-22 14:01:25"
"2023-03-31","Ufficio Risk Management","Contribuzione Fase 1","Sensitivity SII Asset","Template_sensitivities_20230331.zip","2023-06-15 10:02:45"
"2023-03-31","Ufficio Risk Management","Elaborazione SCR","Output Scr Det Nova","output 2.txt","2023-06-22 14:02:12"
"2023-03-31","Ufficio Riserve","Contribuzione Fase 1",,"assumptions_company_RIS_2022_03.xlsm","2023-06-19 09:10:24"
"2023-03-31","Ufficio ALM Asset Allocation","Contribuzione Fase 1","Base_VA","Base_VA_2023-03.zip","2023-06-16 10:51:33"
"2023-03-31","Ufficio Risk Management","Elaborazione SCR","Output Scr Det Va","output 3.txt","2023-06-22 14:02:29"
"2023-03-31","Ufficio Riserve","Contribuzione Fase 1",,"assumptions_linked_RIS_2022_03.xlsm","2023-06-19 09:10:24"
"2023-03-31","Ufficio ALM Asset Allocation","Contribuzione Fase 1","IR_DW_noVA","IRDownSII_NoVA_2023-03.zip","2023-06-16 10:45:52"
"2023-03-31","Ufficio Riserve","Contribuzione Fase 1",,"assumptions_term_RIS_2022_03.xlsm","2023-06-19 09:10:24"
"2023-03-31","Ufficio Modelli","Contribuzione Fase 1","Assumptions Company","assumptions_company_MD_2023_03.xlsm","2023-06-16 09:44:56"
"2023-03-31","Ufficio Riserve","Contribuzione Fase 1",,"assumptions_trad_RIS_2022_03.xlsm","2023-06-19 09:10:24"
"2023-03-31","Ufficio Modelli","Contribuzione Fase 1","Assumptions Scenario","assumptions_scenario_MD_2023_03.xlsm","2023-06-16 09:35:28"
"2023-03-31","Ufficio Riserve","Contribuzione Fase 1",,"linked_input.csv","2023-06-19 09:10:24"
"2023-03-31","Ufficio ALM Asset Allocation","Contribuzione Fase 1","Base_noVA","Base_NoVA_2023-03.zip","2023-06-16 10:43:11"
"2023-03-31","Ufficio Riserve","Contribuzione Fase 1",,"traditional_input.csv","2023-06-19 09:10:24"
"2023-03-31","Ufficio ALM Asset Allocation","Contribuzione Fase 1","IR_DW_VA","IRDownSII_VA_2023-03.zip","2023-06-16 10:43:44"
"2023-03-31","Ufficio Modelli","Pubblicazione Modello","Modello","2022_03.zip","2023-06-19 12:40:28"
"2023-03-31","Ufficio ALM Asset Allocation","Contribuzione Fase 1","IR_UP_noVA","IRUpSII_NoVA_2023-03.zip","2023-06-16 10:44:55"
"2023-03-31","Ufficio Riserve","Elaborazione BEL","Altro","Output_BEL_CE_NOVA_2023_03.rar","2023-06-20 08:58:29"
"2023-03-31","Ufficio ALM Asset Allocation","Contribuzione Fase 1","IR_UP_VA","IRUpSII_VA_2023-03.zip","2023-06-16 10:44:13"
"2023-03-31","Ufficio Riserve","Elaborazione BEL","Output Ce","Output_BEL_CE_VA_2023_03.rar","2023-06-20 08:58:06"
"2023-03-31","Ufficio ALM Asset Allocation","Contribuzione Fase 1",,"Sensitivity+100bps_NoVA_2023-03.zip","2023-06-16 09:32:01"
"2023-03-31","Ufficio ALM Asset Allocation","Contribuzione Fase 1",,"Sensitivity+100bps_VA_2023-03.zip","2023-06-16 09:32:16"
"2023-03-31","Ufficio Riserve","Elaborazione BEL","Altro","Output_BEL_FDB_2023_03.rar","2023-06-20 08:58:54"
"2023-03-31","Ufficio ALM Asset Allocation","Contribuzione Fase 1",,"Sensitivity+10bps_NoVA_2023-03.zip","2023-06-16 09:32:43"
"2023-03-31","Ufficio Riserve","Elaborazione BEL","Altro","Output_BEL_STOC_NOVA_2023_03.rar","2023-06-20 09:02:12"
"2023-03-31","Ufficio ALM Asset Allocation","Contribuzione Fase 1","IR_UP_DUR","Sensitivity+10bps_VA_2023-03.zip","2023-06-16 10:49:19"
"2023-03-31","Ufficio Riserve","Elaborazione BEL","Output Stoc","Output_BEL_STOC_VA_2023_03.rar","2023-06-20 09:01:25"
"2023-03-31","Ufficio ALM Asset Allocation","Contribuzione Fase 1",,"Sensitivity-100bps_NoVA_2023-03.zip","2023-06-16 09:33:21"
"2023-03-31","Ufficio Riserve","Elaborazione BEL","Altro","Report_BEL_extra_modello.xlsx","2023-06-20 09:16:47"
"2023-03-31","Ufficio Riserve","Elaborazione BEL","Altro","Report_BEL_extra_modello_working.xlsx","2023-06-20 09:17:02"
"2023-03-31","Ufficio ALM Asset Allocation","Contribuzione Fase 1",,"Sensitivity-100bps_VA_2023-03.zip","2023-06-16 09:33:37"
"2023-03-31","Ufficio Riserve","Elaborazione BEL","Altro","Report_BEL_FDB_2023_03.xlsx","2023-06-20 09:17:34"
"2023-03-31","Ufficio ALM Asset Allocation","Contribuzione Fase 1",,"Sensitivity-10bps_NoVA_2023-03.zip","2023-06-16 09:33:58"
"2023-03-31","Ufficio Riserve","Elaborazione BEL","Altro","Report_BEL_FDB_WORKING_2023_03.xlsx","2023-06-20 09:17:48"
"2023-03-31","Ufficio ALM Asset Allocation","Contribuzione Fase 1","IR_DW_DUR","Sensitivity-10bps_VA_2023-03.zip","2023-06-16 10:46:46"
"2023-03-31","Ufficio Riserve","Elaborazione BEL","Altro","REPORT_BEL_NOVA_2023_03.xlsx","2023-06-20 09:16:18"
"2023-03-31","Ufficio ALM Asset Allocation","Contribuzione Fase 1","Assumptions Linked","assumptions_linked_AAIT_2023_03.xlsm","2023-06-16 10:50:58"
"2023-03-31","Ufficio Riserve","Elaborazione BEL","Altro","Report_BEL_NOVA_VALIDATION_2023_03.rar","2023-06-20 09:05:29"
"2023-03-31","Ufficio ALM Asset Allocation","Contribuzione Fase 1","Assumptions Scenario","assumptions_scenario_AAIT_2023_03.xlsm","2023-06-16 10:49:36"
"2023-03-31","Ufficio Riserve","Elaborazione BEL","Altro","REPORT_BEL_NOVA_WORKING_2023_03.xlsx","2023-06-20 09:15:58"
"2023-03-31","Ufficio ALM Asset Allocation","Contribuzione Fase 1","Assumptions Term","assumptions_term_AAIT_2023_03.xlsm","2023-06-16 10:50:43"
"2023-03-31","Ufficio Riserve","Elaborazione BEL","Altro","REPORT_BEL_VA_2023_03.xlsx","2023-06-20 09:15:18"
"2023-03-31","Ufficio ALM Asset Allocation","Contribuzione Fase 1","Assumptions Traditional","assumptions_trad_AAIT_2023_03.xlsm","2023-06-16 10:49:47"
"2023-03-31","Ufficio Modelli","Contribuzione Fase 1",,"FTP SENDFILE WTW.txt","2023-06-14 09:25:53"
"2023-03-31","Ufficio Riserve","Elaborazione BEL","Report BEL","Report_BEL_VA_VALIDATION_2023_03.rar","2023-06-20 09:03:23"
"2023-03-31","Ufficio ALM Asset Allocation","Contribuzione Fase 1","Documents","EconomyModelCalibrations_MC_SolvencyII_EUR_EndMar2023.pdf","2023-06-16 10:50:00"
"2023-03-31","Ufficio Modelli","Contribuzione Fase 1",,"STAMPANTI.txt","2023-06-14 09:25:59"
"2023-03-31","Ufficio Riserve","Elaborazione BEL","Altro","REPORT_BEL_VA_WORKING_2023_03.xlsx","2023-06-20 09:04:31"
"2023-03-31","Ufficio ALM Asset Allocation","Contribuzione Fase 1","Underlying","underlying_202303.xlsx","2023-06-16 10:50:16"
"2023-03-31","Ufficio Modelli","Contribuzione Fase 1",,"TEMP.txt","2023-06-14 09:25:10"
"2023-03-31","Ufficio Risk Management","Elaborazione Pro Risk M","Risk Margin","RiskMargin_PV_1Q23_BL.xlsx","2023-06-21 09:44:27"
"2023-03-31","Ufficio ALM Asset Allocation","Contribuzione Fase 1","Credit Scenario","vola 310323.xlsx","2023-06-16 10:50:33"
"2023-03-31","Ufficio Prodotti Vita","Contribuzione Fase 1",,"Assicurazione vita.lnk","2023-06-14 13:58:54"
"2023-03-31","Ufficio Riserve","Elaborazione TP","Technical Provisions","REPORT_TP_2023_03.xlsx","2023-06-21 13:14:09"
"2023-03-31","Ufficio Riserve","Contribuzione Fase 1","Assumptions Company","assumptions_company_RIS_2022_03.xlsm","2023-06-19 09:43:12"
"2023-03-31","Ufficio Prodotti Vita","Contribuzione Fase 1","Assumptions Linked","assumptions_linked_SP_2023_03.xlsm","2023-06-14 14:07:12"
"2023-03-31","Ufficio Riserve","Elaborazione TP","Altro","Support_TP_2023_03.rar","2023-06-21 13:14:56"
"2023-03-31","Ufficio Riserve","Contribuzione Fase 1","Assumptions Linked","assumptions_linked_RIS_2022_03.xlsm","2023-06-19 09:43:31"
"2023-06-30","Ufficio Riserve","Elaborazione BEL","Report BEL","REPORT_BEL_VA_2023_06.xlsx","2023-07-18 13:09:46"
"2023-06-30","Ufficio Riserve","Contribuzione Fase 1","Model Point Linked","linked_input.csv","2023-07-11 13:52:07"
"2023-06-30","Ufficio Riserve","Elaborazione BEL","Altro","Report_BEL_VA_VALIDATION_2023_06.rar","2023-07-18 13:14:49"
"2023-06-30","Ufficio Riserve","Contribuzione Fase 1","Model Point Term","term_input.csv","2023-07-11 13:52:14"
"2023-06-30","Ufficio Riserve","Elaborazione BEL","Altro","REPORT_BEL_VA_WORKING_2023_06.xlsx","2023-07-18 13:11:40"
"2023-06-30","Ufficio Riserve","Contribuzione Fase 1","Model Point Trad","traditional_input.csv","2023-07-11 13:51:59"
"2023-06-30","Ufficio ALM Asset Allocation","Contribuzione Fase 1","Underlying","Underlying_202306.xlsx","2023-07-11 13:35:55"
"2023-06-30","Ufficio Risk Management","Elaborazione Pro Risk M","Risk Margin","RiskMargin_PV_2Q23_BL.xlsx","2023-07-20 08:39:35"
"2023-06-30","Ufficio Riserve","Contribuzione Fase 1","Assumptions Company","assumptions_company_RIS_2023_06.xlsm","2023-07-11 13:51:30"
"2023-06-30","Ufficio Riserve","Elaborazione TP","Technical Provisions","REPORT_TP_2023_06.xlsx","2023-07-20 15:08:38"
"2023-06-30","Ufficio Riserve","Elaborazione TP","Altro","Support_TP_2023_06.rar","2023-07-20 15:08:50"
"2023-06-30","Ufficio ALM Asset Allocation","Contribuzione Fase 1",,"volatilit� del credito.rar","2023-07-11 16:01:41"
"2023-06-30","Ufficio Risk Management","Elaborazione SCR","Altro","DET NOVA FDB.zip","2023-07-24 08:52:18"
"2023-06-30","Ufficio ALM Asset Allocation","Contribuzione Fase 1","Credit Scenario","volatilit� del credito.rar","2023-07-12 09:11:26"
"2023-06-30","Ufficio Risk Management","Elaborazione SCR","Output Scr Det Nova","DET NOVA.zip","2023-07-24 08:49:04"
"2023-06-30","Ufficio Risk Management","Contribuzione Fase 1","Assumptions Company","assumptions_company_RM_2023_06.xlsm","2023-07-13 12:11:24"
"2023-06-30","Ufficio Risk Management","Elaborazione SCR","Altro","DET VA FDB.zip","2023-07-24 08:52:58"
"2023-06-30","Ufficio Risk Management","Contribuzione Fase 1","Sensitivity SII Asset","Template_sensitivities_20230630.zip","2023-07-13 12:12:30"
"2023-06-30","Ufficio Pianificazione e Controllo","Contribuzione Fase 1","Assumptions Linked","assumptions_linked_PC_2023_06.xlsm","2023-07-04 13:40:01"
"2023-06-30","Ufficio Pianificazione e Controllo","Contribuzione Fase 1","Assumptions Term","assumptions_term_PC_2023_06.xlsm","2023-07-04 13:40:09"
"2023-06-30","Ufficio Risk Management","Elaborazione SCR","Output Scr Det Va","DET VA.zip","2023-07-24 08:46:05"
"2023-06-30","Ufficio Modelli","Contribuzione Fase 1",,"2023_06.zip","2023-07-13 16:47:51"
"2023-06-30","Ufficio Prodotti Vita","Contribuzione Fase 1",,"linked non disponibile.xlsx","2023-07-06 07:41:53"
"2023-06-30","Ufficio Pianificazione e Controllo","Contribuzione Fase 1","Assumptions Traditional","assumptions_trad_PC_2023_06.xlsm","2023-07-04 13:38:38"
"2023-06-30","Ufficio Risk Management","Elaborazione SCR","Output Scr Stoc Nova","STOC NOVA.zip","2023-07-24 08:50:30"
"2023-06-30","Ufficio Modelli","Contribuzione Fase 1","Assumptions Company","assumptions_company_MD_2023_06.xlsm","2023-07-13 16:48:18"
"2023-06-30","Ufficio ALM Asset Allocation","Contribuzione Fase 1","Assumptions Linked","assumptions_linked_AAIT_2023_06.xlsm","2023-07-10 15:26:33"
"2023-06-30","Ufficio Prodotti Vita","Contribuzione Fase 1",,"Assicurazione vita.lnk","2023-07-06 07:40:26"
"2023-06-30","Ufficio Risk Management","Elaborazione SCR","Output Scr Stoc Va","STOC VA.zip","2023-07-24 08:51:17"
"2023-06-30","Ufficio Modelli","Contribuzione Fase 1","Assumptions Scenario","assumptions_scenario_MD_2023_06.xlsm","2023-07-13 16:47:51"
"2023-06-30","Ufficio ALM Asset Allocation","Contribuzione Fase 1","Assumptions Scenario","assumptions_scenario_AAIT_2023_06.xlsm","2023-07-10 15:25:09"
"2023-06-30","Ufficio Prodotti Vita","Contribuzione Fase 1","Assumptions Term","assumptions_term_SP_2023_06.xlsm","2023-07-06 07:34:18"
"2023-06-30","Ufficio Risk Management","Elaborazione SCR","Altro","SII_NoVA_2Q2023_BL.xlsx","2023-07-24 08:53:58"
"2023-06-30","Ufficio Modelli","Contribuzione Fase 1",,"bond_input.csv","2023-07-13 16:53:02"
"2023-06-30","Ufficio ALM Asset Allocation","Contribuzione Fase 1","Assumptions Term","assumptions_term_AAIT_2023_06.xlsm","2023-07-10 15:26:27"
"2023-06-30","Ufficio Prodotti Vita","Contribuzione Fase 1","Assumptions Traditional","assumptions_trad_SP_2023_06.xlsm","2023-07-06 07:32:48"
"2023-06-30","Ufficio Risk Management","Elaborazione SCR","Report Scr","SII_VA_2Q2023_bl_tagetik.xlsx","2023-07-24 08:53:24"
"2023-06-30","Ufficio Modelli","Contribuzione Fase 1",,"equity_input.csv","2023-07-13 16:49:43"
"2023-06-30","Ufficio ALM Asset Allocation","Contribuzione Fase 1","Assumptions Traditional","assumptions_trad_AAIT_2023_06.xlsm","2023-07-10 15:26:18"
"2023-06-30","Ufficio ALM Asset Allocation","Contribuzione Fase 1","Base_noVA","Base_NoVA_2023-06.zip","2023-07-10 15:26:49"
"2023-06-30","Ufficio Prodotti Vita","Contribuzione Fase 1","Assumptions Linked","assumptions_linked_SP_2023_06.xlsm","2023-07-06 09:15:06"
"2023-06-30","Ufficio Modelli","Contribuzione Fase 1","Asset DB","asset_db.zip","2023-07-13 16:56:33"
"2023-06-30","Ufficio ALM Asset Allocation","Contribuzione Fase 1","Base_VA","Base_VA_2023-06.zip","2023-07-10 15:26:42"
"2023-06-30","Ufficio Prodotti Vita","Contribuzione Fase 1",,"assumptions_term_SP_2023_06.xlsm","2023-07-06 09:10:33"
"2023-06-30","Ufficio Modelli","Pubblicazione Modello","Modello","(Modello) 2023_06.zip","2023-07-13 17:49:38"
"2023-06-30","Ufficio ALM Asset Allocation","Contribuzione Fase 1","IR_DW_noVA","IRDownSII_NoVA_2023-06.zip","2023-07-10 15:27:12"
"2023-06-30","Ufficio Prodotti Vita","Contribuzione Fase 1",,"assumptions_trad_SP_2023_06.xlsm","2023-07-06 09:10:33"
"2023-06-30","Ufficio Riserve","Elaborazione BEL","Altro","Output_BEL_CE_NOVA_2023_06.rar","2023-07-18 13:07:36"
"2023-06-30","Ufficio ALM Asset Allocation","Contribuzione Fase 1","IR_DW_VA","IRDownSII_VA_2023-06.zip","2023-07-10 15:26:55"
"2023-06-30","Ufficio Riserve","Elaborazione BEL","Output Ce","Output_BEL_CE_VA_2023_06.rar","2023-07-18 13:06:45"
"2023-06-30","Ufficio ALM Asset Allocation","Contribuzione Fase 1","IR_UP_noVA","IRUpSII_NoVA_2023-06.zip","2023-07-10 15:27:20"
"2023-06-30","Ufficio Riserve","Elaborazione BEL","Altro","Output_BEL_FDB_2023_06.rar","2023-07-18 13:08:00"
"2023-06-30","Ufficio ALM Asset Allocation","Contribuzione Fase 1","IR_UP_VA","IRUpSII_VA_2023-06.zip","2023-07-10 15:27:05"
"2023-06-30","Ufficio ALM Asset Allocation","Contribuzione Fase 1","Altro","Sensitivity+100bps_NoVA_2023-06.zip","2023-07-10 15:38:27"
"2023-06-30","Ufficio ALM Asset Allocation","Contribuzione Fase 1","Altro","Sensitivity+100bps_VA_2023-06.zip","2023-07-10 15:37:59"
"2023-06-30","Ufficio ALM Asset Allocation","Contribuzione Fase 1","Altro","Sensitivity+10bps_NoVA_2023-06.zip","2023-07-10 15:37:25"
"2023-06-30","Ufficio Riserve","Elaborazione BEL","Altro","Output_BEL_STOC_NOVA_2023_06.rar","2023-07-18 13:09:13"
"2023-06-30","Ufficio ALM Asset Allocation","Contribuzione Fase 1","IR_UP_DUR","Sensitivity+10bps_VA_2023-06.zip","2023-07-10 15:33:55"
"2023-06-30","Ufficio Riserve","Elaborazione BEL","Output Stoc","Output_BEL_STOC_VA_2023_06.rar","2023-07-18 13:08:54"
"2023-06-30","Ufficio ALM Asset Allocation","Contribuzione Fase 1","Altro","Sensitivity-100bps_NoVA_2023-06.zip","2023-07-10 15:38:05"
"2023-06-30","Ufficio Riserve","Elaborazione BEL","Altro","Report_BEL_extra_modello.xlsx","2023-07-18 13:12:25"
"2023-06-30","Ufficio ALM Asset Allocation","Contribuzione Fase 1","Altro","Sensitivity-100bps_VA_2023-06.zip","2023-07-10 15:37:42"
"2023-06-30","Ufficio Riserve","Elaborazione BEL","Altro","Report_BEL_extra_modello_working.xlsx","2023-07-18 13:13:16"
"2023-06-30","Ufficio ALM Asset Allocation","Contribuzione Fase 1","Altro","Sensitivity-10bps_NoVA_2023-06.zip","2023-07-10 15:37:00"
"2023-06-30","Ufficio Riserve","Elaborazione BEL","Altro","Report_BEL_FDB_2023_06.xlsx","2023-07-18 13:13:39"
"2023-06-30","Ufficio ALM Asset Allocation","Contribuzione Fase 1","IR_DW_DUR","Sensitivity-10bps_VA_2023-06.zip","2023-07-10 15:27:31"
"2023-06-30","Ufficio Riserve","Elaborazione BEL","Altro","Report_BEL_FDB_WORKING_2023_06.xlsx","2023-07-18 13:14:06"
"2023-06-30","Ufficio ALM Asset Allocation","Contribuzione Fase 1","Documents","EndJun2023_MC_SolvencyII_EIOPA_Documentation.zip","2023-07-10 15:36:33"
"2023-06-30","Ufficio Riserve","Elaborazione BEL","Altro","REPORT_BEL_NOVA_2023_06.xlsx","2023-07-18 13:11:25"
"2023-06-30","Ufficio Riserve","Contribuzione Fase 1","Assumptions Linked","assumptions_linked_RIS_2023_06.xlsm","2023-07-11 13:51:45"
"2023-06-30","Ufficio Riserve","Elaborazione BEL","Altro","Report_BEL_NOVA_VALIDATION_2023_06.rar","2023-07-18 13:15:10"
"2023-06-30","Ufficio Riserve","Contribuzione Fase 1","Assumptions Term","assumptions_term_RIS_2023_06.xlsm","2023-07-11 13:51:51"
"2023-06-30","Ufficio Riserve","Elaborazione BEL","Altro","REPORT_BEL_NOVA_WORKING_2023_06.xlsx","2023-07-18 13:12:07"
"2023-06-30","Ufficio Riserve","Contribuzione Fase 1","Assumptions Traditional","assumptions_trad_RIS_2023_06.xlsm","2023-07-11 13:51:38"
"2023-09-30","Ufficio Risk Management","Elaborazione SCR",,"DET NOVA FDB.zip","2023-10-30 08:36:45"
"2023-09-30","Ufficio Risk Management","Contribuzione Fase 1","Sensitivity SII Asset","Template_sensitivities_20230930.zip","2023-10-18 15:35:30"
"2023-09-30","Ufficio ALM Asset Allocation","Contribuzione Fase 1","Assumptions Traditional","assumptions_trad_AAIT_2023_09.xlsm","2023-10-12 17:25:18"
"2023-09-30","Ufficio Risk Management","Elaborazione SCR",,"DET NOVA.zip","2023-10-30 08:36:45"
"2023-09-30","Ufficio Modelli","Pubblicazione Modello","Modello","(Modello) 2023_09.zip","2023-10-19 18:58:51"
"2023-09-30","Ufficio ALM Asset Allocation","Contribuzione Fase 1","Base_noVA","Base_NoVA_2023-09.zip","2023-10-12 16:09:05"
"2023-09-30","Ufficio Risk Management","Elaborazione SCR",,"DET VA FDB.zip","2023-10-30 08:36:51"
"2023-09-30","Ufficio Riserve","Elaborazione BEL","Output Ce","Output_BEL_CE_NOVA_2023_09.rar","2023-10-23 13:23:17"
"2023-09-30","Ufficio ALM Asset Allocation","Contribuzione Fase 1",,"Base_VA_2023-09.zip","2023-10-12 16:08:56"
"2023-09-30","Ufficio Risk Management","Elaborazione SCR",,"DET VA.zip","2023-10-30 08:36:53"
"2023-09-30","Ufficio Riserve","Elaborazione BEL","Output Ce","Output_BEL_CE_VA_2023_09.rar","2023-10-23 13:23:01"
"2023-09-30","Ufficio ALM Asset Allocation","Contribuzione Fase 1","Credit Scenario","Credit Volatility.rar","2023-10-12 17:45:07"
"2023-09-30","Ufficio Risk Management","Elaborazione SCR",,"SII_VA_3Q2023_bl_tagetik.xlsx","2023-10-30 08:41:07"
"2023-09-30","Ufficio Riserve","Elaborazione BEL","Output Ce","Output_BEL_FDB_2023_09.rar","2023-10-23 13:23:40"
"2023-09-30","Ufficio ALM Asset Allocation","Contribuzione Fase 1","Documents","EndSep2023_MC_SolvencyII_EIOPA_Documentation.zip","2023-10-12 17:45:05"
"2023-09-30","Ufficio Risk Management","Elaborazione SCR",,"STOC NOVA.zip","2023-10-30 08:38:09"
"2023-09-30","Ufficio Riserve","Elaborazione BEL","Output Stoc","Output_BEL_STOC_NOVA_2023_09.rar","2023-10-23 13:24:06"
"2023-09-30","Ufficio ALM Asset Allocation","Contribuzione Fase 1","IR_DW_noVA","IRDownSII_NoVA_2023-09.zip","2023-10-12 16:09:24"
"2023-09-30","Ufficio ALM Asset Allocation","Contribuzione Fase 1","IR_DW_VA","IRDownSII_VA_2023-09.zip","2023-10-12 16:09:13"
"2023-09-30","Ufficio Risk Management","Elaborazione SCR",,"STOC VA.zip","2023-10-30 08:38:10"
"2023-09-30","Ufficio Riserve","Elaborazione BEL","Output Stoc","Output_BEL_STOC_VA_2023_09.rar","2023-10-23 13:23:54"
"2023-09-30","Ufficio ALM Asset Allocation","Contribuzione Fase 1","IR_UP_noVA","IRUpSII_NoVA_2023-09.zip","2023-10-12 16:09:44"
"2023-09-30","Ufficio Risk Management","Elaborazione SCR","Altro","DET NOVA FDB.zip","2023-10-30 09:24:01"
"2023-09-30","Ufficio Riserve","Elaborazione BEL","Report BEL","Report_BEL_extra_modello.xlsx","2023-10-23 13:20:18"
"2023-09-30","Ufficio ALM Asset Allocation","Contribuzione Fase 1","IR_UP_VA","IRUpSII_VA_2023-09.zip","2023-10-12 16:09:37"
"2023-09-30","Ufficio Risk Management","Elaborazione SCR","Output Scr Det Nova","DET NOVA.zip","2023-10-30 09:22:20"
"2023-09-30","Ufficio Riserve","Elaborazione BEL","Report BEL","Report_BEL_extra_modello_working.xlsx","2023-10-23 13:19:39"
"2023-09-30","Ufficio ALM Asset Allocation","Contribuzione Fase 1","IR_UP_DUR","Sensitivity+10bps_VA_2023-09.zip","2023-10-12 16:11:18"
"2023-09-30","Ufficio Risk Management","Elaborazione SCR","Altro","DET VA FDB.zip","2023-10-30 09:24:27"
"2023-09-30","Ufficio Riserve","Elaborazione BEL","Report BEL","Report_BEL_FDB_2023_09.xlsx","2023-10-23 13:21:08"
"2023-09-30","Ufficio ALM Asset Allocation","Contribuzione Fase 1","Altro","Sensitivity+50bps_VA_2023-09.zip","2023-10-12 17:45:41"
"2023-09-30","Ufficio Risk Management","Elaborazione SCR","Output Scr Det Va","DET VA.zip","2023-10-30 09:23:15"
"2023-09-30","Ufficio Riserve","Elaborazione BEL","Report BEL","Report_BEL_FDB_WORKING_2023_09.xlsx","2023-10-23 13:20:21"
"2023-09-30","Ufficio ALM Asset Allocation","Contribuzione Fase 1","IR_DW_DUR","Sensitivity-10bps_VA_2023-09.zip","2023-10-12 16:11:14"
"2023-09-30","Ufficio Risk Management","Elaborazione SCR","Report Scr","SII_VA_3Q2023_bl_tagetik.xlsx","2023-10-30 09:20:36"
"2023-09-30","Ufficio ALM Asset Allocation","Contribuzione Fase 1","Altro","Sensitivity-50bps_VA_2023-09.zip","2023-10-12 17:46:06"
"2023-09-30","Ufficio Risk Management","Elaborazione SCR","Output Scr Stoc Nova","STOC NOVA.zip","2023-10-30 09:21:53"
"2023-09-30","Ufficio ALM Asset Allocation","Contribuzione Fase 1","Base_VA","Base_VA_2023-09.zip","2023-10-12 17:54:00"
"2023-09-30","Ufficio Risk Management","Elaborazione SCR","Output Scr Stoc Va","STOC VA.zip","2023-10-30 09:21:23"
"2023-09-30","Ufficio Modelli","Contribuzione Fase 1","Assumptions Scenario","assumptions_scenario_MD_2023_09.xlsm","2023-10-13 10:33:06"
"2023-09-30","Ufficio Modelli","Contribuzione Fase 1",,"badge.txt","2023-10-03 09:36:24"
"2023-09-30","Ufficio Modelli","Contribuzione Fase 1","Assumptions Company","Template_sensitivities_Bond_20230930.xlsx","2023-10-13 10:34:34"
"2023-09-30","Ufficio Modelli","Contribuzione Fase 1",,"CALIBRAZIONE ATTIVI.txt","2023-10-03 09:37:02"
"2023-09-30","Ufficio Modelli","Contribuzione Fase 1","Altro","Template_sensitivities_Fund_20230930.xlsx","2023-10-13 10:34:39"
"2023-09-30","Ufficio Pianificazione e Controllo","Contribuzione Fase 1","Assumptions Linked","assumptions_linked_PC_2023_09.xlsm","2023-10-03 12:40:23"
"2023-09-30","Ufficio Riserve","Elaborazione BEL","Report BEL","REPORT_BEL_NOVA_2023_09.xlsx","2023-10-23 13:19:35"
"2023-09-30","Ufficio ALM Asset Allocation","Contribuzione Fase 1","Underlying","Underlying_202309.xlsx","2023-10-13 13:17:04"
"2023-09-30","Ufficio Pianificazione e Controllo","Contribuzione Fase 1","Assumptions Term","assumptions_term_PC_2023_09.xlsm","2023-10-03 12:41:35"
"2023-09-30","Ufficio Riserve","Elaborazione BEL","Report BEL","Report_BEL_NOVA_VALIDATION_2023_09.rar","2023-10-23 13:22:13"
"2023-09-30","Ufficio Prodotti Vita","Contribuzione Fase 1",,"assumptions_linked_SP_2023_09.xlsm","2023-10-16 07:37:00"
"2023-09-30","Ufficio Pianificazione e Controllo","Contribuzione Fase 1","Assumptions Traditional","assumptions_trad_PC_2023_09.xlsm","2023-10-03 12:40:14"
"2023-09-30","Ufficio Riserve","Elaborazione BEL","Report BEL","REPORT_BEL_NOVA_WORKING_2023_09.xlsx","2023-10-23 13:19:13"
"2023-09-30","Ufficio Prodotti Vita","Contribuzione Fase 1",,"assumptions_term_SP_2023_09.xlsm","2023-10-16 07:36:58"
"2023-09-30","Ufficio Prodotti Vita","Contribuzione Fase 1",,"Assicurazione vita.lnk","2023-06-14 13:58:54"
"2023-09-30","Ufficio Riserve","Elaborazione BEL","Report BEL","REPORT_BEL_VA_2023_09.xlsx","2023-10-23 13:18:53"
"2023-09-30","Ufficio Prodotti Vita","Contribuzione Fase 1",,"assumptions_trad_SP_2023_09.xlsm","2023-10-16 07:41:54"
"2023-09-30","Ufficio Prodotti Vita","Contribuzione Fase 1",,"assumptions_linked_SP_2023_09.xlsm","2023-10-05 08:30:25"
"2023-09-30","Ufficio Riserve","Elaborazione BEL","Report BEL","Report_BEL_VA_VALIDATION_2023_09.rar","2023-10-23 13:21:52"
"2023-09-30","Ufficio Prodotti Vita","Contribuzione Fase 1",,"assumptions_linked_SP_2023_09.xlsm","2023-10-16 07:37:00"
"2023-09-30","Ufficio Prodotti Vita","Contribuzione Fase 1",,"assumptions_term_SP_2023_06.xlsm","2023-07-06 09:10:33"
"2023-09-30","Ufficio Riserve","Elaborazione BEL","Report BEL","REPORT_BEL_VA_WORKING_2023_09.xlsx","2023-10-23 13:18:11"
"2023-09-30","Ufficio Prodotti Vita","Contribuzione Fase 1",,"assumptions_term_SP_2023_09.xlsm","2023-10-16 07:36:58"
"2023-09-30","Ufficio Prodotti Vita","Contribuzione Fase 1",,"assumptions_term_SP_2023_09.xlsm","2023-10-05 08:31:25"
"2023-09-30","Ufficio Risk Management","Elaborazione Pro Risk M","Risk Margin","RiskMargin_PV_3Q23.xlsx","2023-10-24 16:19:01"
"2023-09-30","Ufficio Prodotti Vita","Contribuzione Fase 1","Assumptions Traditional","assumptions_trad_SP_2023_09.xlsm","2023-10-17 09:15:18"
"2023-09-30","Ufficio Prodotti Vita","Contribuzione Fase 1",,"assumptions_trad_SP_2023_06.xlsm","2023-07-06 09:10:33"
"2023-09-30","Ufficio Riserve","Elaborazione TP","Technical Provisioning","Report_TP_2023_09.rar","2023-10-25 08:45:34"
"2023-09-30","Ufficio Riserve","Contribuzione Fase 1","Assumptions Company","assumptions_company_RIS_2023_09.xlsm","2023-10-17 12:24:48"
"2023-09-30","Ufficio Prodotti Vita","Contribuzione Fase 1",,"assumptions_trad_SP_2023_09.xlsm","2023-10-05 08:28:48"
"2023-09-30","Ufficio Riserve","Elaborazione TP","Technical Provisioning","REPORT_TP_2023_09.xlsx","2023-10-25 08:44:39"
"2023-09-30","Ufficio Riserve","Contribuzione Fase 1","Assumptions Linked","assumptions_linked_RIS_2023_09.xlsm","2023-10-17 12:34:58"
"2023-09-30","Ufficio Prodotti Vita","Contribuzione Fase 1",,"linked non disponibile.xlsx","2023-07-06 07:41:53"
"2023-09-30","Ufficio Prodotti Vita","Contribuzione Fase 1","Assumptions Linked","assumptions_linked_SP_2023_09.xlsm","2023-10-12 08:01:52"
"2023-09-30","Ufficio Risk Management","Elaborazione SCR",,"DET NOVA FDB.zip","2023-10-30 08:36:45"
"2023-09-30","Ufficio Riserve","Contribuzione Fase 1","Assumptions Term","assumptions_term_RIS_2023_09.xlsm","2023-10-17 12:35:16"
"2023-09-30","Ufficio Risk Management","Elaborazione SCR",,"DET NOVA.zip","2023-10-30 08:36:45"
"2023-09-30","Ufficio Riserve","Contribuzione Fase 1","Assumptions Traditional","assumptions_trad_RIS_2023_09.xlsm","2023-10-17 12:34:35"
"2023-09-30","Ufficio Prodotti Vita","Contribuzione Fase 1","Assumptions Term","assumptions_term_SP_2023_09.xlsm","2023-10-12 08:03:48"
"2023-09-30","Ufficio Risk Management","Elaborazione SCR",,"DET VA FDB.zip","2023-10-30 08:36:51"
"2023-09-30","Ufficio Riserve","Contribuzione Fase 1","Model Point Linked","linked_input.csv","2023-10-17 12:35:42"
"2023-09-30","Ufficio Prodotti Vita","Contribuzione Fase 1",,"assumptions_trad_SP_2023_09.xlsm","2023-10-12 08:00:32"
"2023-09-30","Ufficio Risk Management","Elaborazione SCR",,"DET VA.zip","2023-10-30 08:36:53"
"2023-09-30","Ufficio Riserve","Contribuzione Fase 1","Model Point Term","term_input.csv","2023-10-17 12:35:59"
"2023-09-30","Ufficio ALM Asset Allocation","Contribuzione Fase 1","Assumptions Linked","assumptions_linked_AAIT_2023_09.xlsm","2023-10-12 17:42:36"
"2023-09-30","Ufficio Risk Management","Elaborazione SCR",,"STOC NOVA.zip","2023-10-30 08:38:09"
"2023-09-30","Ufficio Riserve","Contribuzione Fase 1","Model Point Trad","traditional_input.csv","2023-10-17 12:35:29"
"2023-09-30","Ufficio ALM Asset Allocation","Contribuzione Fase 1","Assumptions Scenario","assumptions_scenario_AAIT_2023_09.xlsm","2023-10-12 17:44:52"
"2023-09-30","Ufficio Risk Management","Elaborazione SCR",,"STOC VA.zip","2023-10-30 08:38:10"
"2023-09-30","Ufficio Risk Management","Contribuzione Fase 1","Assumptions Company","assumptions_company_RM_2023_09.xlsm","2023-10-18 15:34:24"
"2023-09-30","Ufficio ALM Asset Allocation","Contribuzione Fase 1","Assumptions Term","assumptions_term_AAIT_2023_09.xlsm","2023-10-12 17:43:00"
"2023-12-31","Ufficio Riserve","Contribuzione Fase 1",,"assumptions_company_RIS_2023_12.xlsm","2024-01-23 09:05:24"
"2023-12-31","Ufficio Riserve","Elaborazione BEL","Report BEL","Report_BEL_FDB_WORKING_2023_12.xlsx","2024-02-02 16:03:57"
"2023-12-31","Ufficio ALM Asset Allocation","Contribuzione Fase 1","Assumptions Scenario","assumptions_scenario_AAIT_2023_12.xlsm","2024-01-17 16:20:25"
"2023-12-31","Ufficio Riserve","Contribuzione Fase 1","Model Point Term","term_input.csv","2024-01-23 10:43:41"
"2023-12-31","Ufficio Riserve","Contribuzione Fase 1","Assumptions Linked","assumptions_linked_RIS_2023_12.xlsm","2024-01-23 09:11:14"
"2023-12-31","Ufficio Riserve","Elaborazione BEL","Report BEL","REPORT_BEL_NOVA_2023_12.xlsx","2024-02-02 16:04:22"
"2023-12-31","Ufficio ALM Asset Allocation","Contribuzione Fase 1","Assumptions Term","assumptions_term_AAIT_2023_12.xlsm","2024-01-17 16:20:15"
"2023-12-31","Ufficio Riserve","Contribuzione Fase 1","Assumptions Term","assumptions_term_RIS_2023_12.xlsm","2024-01-23 14:35:31"
"2023-12-31","Ufficio Riserve","Contribuzione Fase 1",,"assumptions_term_RIS_2023_12.xlsm","2024-01-23 09:13:39"
"2023-12-31","Ufficio Riserve","Elaborazione BEL","Report BEL","Report_BEL_NOVA_VALIDATION_2023_12.rar","2024-02-02 16:02:58"
"2023-12-31","Ufficio ALM Asset Allocation","Contribuzione Fase 1","Assumptions Traditional","assumptions_trad_AAIT_2023_12.xlsm","2024-01-17 16:19:47"
"2023-12-31","Ufficio Riserve","Contribuzione Fase 1","Assumptions Traditional","assumptions_trad_RIS_2023_12.xlsm","2024-01-23 14:33:27"
"2023-12-31","Ufficio Riserve","Contribuzione Fase 1",,"assumptions_trad_RIS_2023_12.xlsm","2024-01-23 09:12:34"
"2023-12-31","Ufficio Riserve","Elaborazione BEL","Report BEL","REPORT_BEL_NOVA_WORKING_2023_12.xlsx","2024-02-02 16:04:30"
"2023-12-31","Ufficio ALM Asset Allocation","Contribuzione Fase 1","Base_noVA","Base_NoVA_2023-12.zip","2024-01-17 16:22:17"
"2023-12-31","Ufficio Risk Management","Contribuzione Fase 1","Assumptions Company","assumptions_company_RM_2023_12.xlsm","2024-01-24 09:53:52"
"2023-12-31","Ufficio Riserve","Contribuzione Fase 1",,"Condivisa_Riserve_Modelli_di_Valutazione - collegamento.lnk","2024-01-23 08:42:31"
"2023-12-31","Ufficio Riserve","Elaborazione BEL","Report BEL","REPORT_BEL_VA_2023_12.xlsx","2024-02-02 16:04:06"
"2023-12-31","Ufficio ALM Asset Allocation","Contribuzione Fase 1","Base_VA","Base_VA_2023-12.zip","2024-01-17 16:21:25"
"2023-12-31","Ufficio Risk Management","Contribuzione Fase 1",,"Template_sensitivities_20231231.zip","2024-01-24 09:51:44"
"2023-12-31","Ufficio Riserve","Contribuzione Fase 1",,"dati attuariato - collegamento.lnk","2024-01-23 08:45:32"
"2023-12-31","Ufficio Riserve","Elaborazione BEL","Report BEL","Report_BEL_VA_VALIDATION_2023_12.rar","2024-02-02 16:02:31"
"2023-12-31","Ufficio ALM Asset Allocation","Contribuzione Fase 1","Credit Scenario","Credit Volatility.rar","2024-01-17 16:20:38"
"2023-12-31","Ufficio Modelli","Contribuzione Fase 1","Assumptions Company","assumptions_company_MD_2023_12.xlsm","2024-01-24 16:12:24"
"2023-12-31","Ufficio Riserve","Contribuzione Fase 1",,"filesharing (postevita.local).lnk","2024-01-23 08:42:20"
"2023-12-31","Ufficio Riserve","Elaborazione BEL","Report BEL","REPORT_BEL_VA_WORKING_2023_12.xlsx","2024-02-02 16:04:14"
"2023-12-31","Ufficio ALM Asset Allocation","Contribuzione Fase 1","Documents","EndDec2023_MC_SolvencyII_EIOPA_Documentation.zip","2024-01-17 16:26:00"
"2023-12-31","Ufficio Modelli","Contribuzione Fase 1","Assumptions Scenario","assumptions_scenario_MD_2023_12.xlsm","2024-01-24 16:13:41"
"2023-12-31","Ufficio Riserve","Contribuzione Fase 1",,"linked_input.csv","2024-01-23 09:05:24"
"2023-12-31","Ufficio Risk Management","Elaborazione Pro Risk M","Risk Margin","RiskMargin_PV_4Q23_BL.xlsx","2024-02-02 16:10:19"
"2023-12-31","Ufficio ALM Asset Allocation","Contribuzione Fase 1","IR_DW_noVA","IRDownSII_NoVA_2023-12.zip","2024-01-18 08:47:04"
"2023-12-31","Ufficio Modelli","Contribuzione Fase 1",,"Template_sensitivities_Bond_2023_12.xlsx","2024-01-24 16:07:14"
"2023-12-31","Ufficio Riserve","Contribuzione Fase 1",,"term_input.csv","2024-01-23 09:05:24"
"2023-12-31","Ufficio Riserve","Elaborazione TP","Technical Provisioning","REPORT_TP_2023_12.xlsx","2024-02-05 11:15:38"
"2023-12-31","Ufficio ALM Asset Allocation","Contribuzione Fase 1","IR_DW_VA","IRDownSII_VA_2023-12.zip","2024-01-17 16:22:35"
"2023-12-31","Ufficio Modelli","Contribuzione Fase 1",,"Template_sensitivities_Fund_2023_12.xlsx","2024-01-24 16:07:14"
"2023-12-31","Ufficio ALM Asset Allocation","Contribuzione Fase 1","IR_UP_noVA","IRUpSII_NoVA_2023-12.zip","2024-01-18 08:45:57"
"2023-12-31","Ufficio Pianificazione e Controllo","Contribuzione Fase 1",,"assumptions_linked_PC_2023_12.xlsm","2024-01-24 17:25:13"
"2023-12-31","Ufficio ALM Asset Allocation","Contribuzione Fase 1","IR_UP_VA","IRUpSII_VA_2023-12.zip","2024-01-17 16:25:13"
"2023-12-31","Ufficio Pianificazione e Controllo","Contribuzione Fase 1",,"assumptions_term_PC_2023_12.xlsm","2024-01-24 17:26:10"
"2023-12-31","Ufficio ALM Asset Allocation","Contribuzione Fase 1","IR_UP_DUR","Sensitivity+10bps_VA_2023-12.zip","2024-01-17 16:36:44"
"2023-12-31","Ufficio Pianificazione e Controllo","Contribuzione Fase 1",,"assumptions_trad_PC_2023_12.xlsm","2024-01-24 17:23:22"
"2023-12-31","Ufficio ALM Asset Allocation","Contribuzione Fase 1","Altro","Sensitivity+50bps_VA_2023-12.zip","2024-01-17 16:37:02"
"2023-12-31","Ufficio Pianificazione e Controllo","Contribuzione Fase 1","Assumptions Linked","assumptions_linked_PC_2023_12.xlsm","2024-01-25 10:07:57"
"2023-12-31","Ufficio ALM Asset Allocation","Contribuzione Fase 1","IR_DW_DUR","Sensitivity-10bps_VA_2023-12.zip","2024-01-17 16:36:24"
"2023-12-31","Ufficio Pianificazione e Controllo","Contribuzione Fase 1","Assumptions Term","assumptions_term_PC_2023_12.xlsm","2024-01-25 10:07:59"
"2023-12-31","Ufficio Riserve","Elaborazione TP","Technical Provisioning","Support_TP_2023_12.rar","2024-02-05 11:16:29"
"2023-12-31","Ufficio ALM Asset Allocation","Contribuzione Fase 1","Altro","Sensitivity-50bps_VA_2023-12.zip","2024-01-17 16:37:40"
"2023-12-31","Ufficio Pianificazione e Controllo","Contribuzione Fase 1","Assumptions Traditional","assumptions_trad_PC_2023_12.xlsm","2024-01-25 10:07:41"
"2023-12-31","Ufficio Risk Management","Elaborazione SCR","Output Scr Det Nova","21122023 NOVA det.rar","2024-02-05 12:39:23"
"2023-12-31","Ufficio Modelli","Contribuzione Fase 1",,"TEMP.txt","2024-01-09 11:37:03"
"2023-12-31","Ufficio ALM Asset Allocation","Contribuzione Fase 1",,"IRUpSII_NoVA_2023-12.zip","2024-01-17 15:48:22"
"2023-12-31","Ufficio Risk Management","Contribuzione Fase 1","Sensitivity SII Asset","Template_sensitivities_20231231_updated.zip","2024-01-25 11:03:01"
"2023-12-31","Ufficio Risk Management","Elaborazione SCR","Altro","31122023 NOVA det fdb.rar","2024-02-05 12:40:51"
"2023-12-31","Ufficio Modelli","Contribuzione Fase 1",,"TES.txt","2024-01-09 11:37:10"
"2023-12-31","Ufficio Prodotti Vita","Contribuzione Fase 1",,"assumptions_trad_SP_2023_12.xlsm","2024-01-18 09:55:52"
"2023-12-31","Ufficio Modelli","Pubblicazione Modello",,"(Modello) 2023_12.zip","2024-01-25 17:29:06"
"2023-12-31","Ufficio Risk Management","Elaborazione SCR","Output Scr Stoc Nova","31122023 NOVA stoc.rar","2024-02-05 12:40:26"
"2023-12-31","Ufficio Prodotti Vita","Contribuzione Fase 1",,"assumptions_linked_SP_2023_09.xlsm","2023-10-16 07:37:00"
"2023-12-31","Ufficio Prodotti Vita","Contribuzione Fase 1",,"assumptions_linked_SP_2023_12.xlsm","2024-01-15 11:56:31"
"2023-12-31","Ufficio Prodotti Vita","Contribuzione Fase 1","Assumptions Traditional","assumptions_trad_SP_2023_12.xlsm","2024-01-18 11:10:36"
"2023-12-31","Ufficio Modelli","Pubblicazione Modello",,"Template_sensitivities_Bond_2023_12.xlsx","2024-01-24 16:07:14"
"2023-12-31","Ufficio Risk Management","Elaborazione SCR","Altro","31122023 VA det fdb.rar","2024-02-05 12:41:32"
"2023-12-31","Ufficio Prodotti Vita","Contribuzione Fase 1",,"assumptions_term_SP_2023_09.xlsm","2023-10-16 07:36:58"
"2023-12-31","Ufficio Riserve","Contribuzione Fase 1","Assumptions Company","assumptions_company_RIS_2023_12.xlsm","2024-01-19 14:08:17"
"2023-12-31","Ufficio Modelli","Pubblicazione Modello",,"Template_sensitivities_Fund_2023_12.xlsx","2024-01-24 16:07:14"
"2023-12-31","Ufficio Risk Management","Elaborazione SCR","Output Scr Det Va","31122023 VA det.rar","2024-02-05 12:40:05"
"2023-12-31","Ufficio Prodotti Vita","Contribuzione Fase 1",,"assumptions_term_SP_2023_12.xlsm","2024-01-15 11:58:04"
"2023-12-31","Ufficio Riserve","Contribuzione Fase 1",,"linked_input.csv","2024-01-19 14:10:54"
"2023-12-31","Ufficio Riserve","Elaborazione BEL",,"assumptions_company_RIS_2023_12.xlsm","2024-01-23 09:05:24"
"2023-12-31","Ufficio Risk Management","Elaborazione SCR","Report Scr","SII_VA_4Q_bl_tagetik.xlsx","2024-02-05 12:37:04"
"2023-12-31","Ufficio Prodotti Vita","Contribuzione Fase 1",,"assumptions_trad_SP_2023_12.xlsm","2024-01-15 11:54:18"
"2023-12-31","Ufficio Riserve","Contribuzione Fase 1",,"term_input.csv","2024-01-19 14:10:22"
"2023-12-31","Ufficio Riserve","Elaborazione BEL",,"linked_input.csv","2024-01-23 09:05:24"
"2023-12-31","Ufficio Risk Management","Elaborazione SCR","Output Scr Stoc Va","31122023 VA stoc.rar","2024-02-05 12:57:12"
"2023-12-31","Ufficio Prodotti Vita","Contribuzione Fase 1","Assumptions Linked","assumptions_linked_SP_2023_12.xlsm","2024-01-16 16:34:11"
"2023-12-31","Ufficio ALM Asset Allocation","Contribuzione Fase 1",,"Underlying_202312_presetting INVIO.xlsx","2024-01-22 14:10:24"
"2023-12-31","Ufficio Riserve","Elaborazione BEL",,"traditional_input.csv","2024-01-23 09:05:24"
"2023-12-31","Ufficio Prodotti Vita","Contribuzione Fase 1","Assumptions Term","assumptions_term_SP_2023_12.xlsm","2024-01-16 16:35:25"
"2023-12-31","Ufficio ALM Asset Allocation","Contribuzione Fase 1","Underlying","Underlying_202312_presetting INVIO.xlsx","2024-01-22 14:35:58"
"2023-12-31","Ufficio Modelli","Pubblicazione Modello",,"(Modello) 2023_12_UPD.zip","2024-01-29 13:37:08"
"2023-12-31","Ufficio Prodotti Vita","Contribuzione Fase 1",,"assumptions_trad_SP_2023_12.xlsm","2024-01-16 16:33:03"
"2023-12-31","Ufficio Modelli","Contribuzione Fase 1",,"Asset_DB.xlsm","2024-01-22 15:01:36"
"2023-12-31","Ufficio Modelli","Pubblicazione Modello","Modello","(Modello) 2023_12.zip","2024-02-01 08:00:53"
"2023-12-31","Ufficio Prodotti Vita","Contribuzione Fase 1",,"assumptions_linked_SP_2023_12.xlsm","2024-01-17 13:56:22"
"2023-12-31","Ufficio Modelli","Contribuzione Fase 1",,"assumptions_company_MD_2023_12.xlsm","2024-01-22 15:01:25"
"2023-12-31","Ufficio Riserve","Elaborazione BEL","Output Ce","Output_BEL_CE_NOVA_2023_12.rar","2024-02-02 16:01:01"
"2023-12-31","Ufficio Prodotti Vita","Contribuzione Fase 1",,"assumptions_term_SP_2023_12.xlsm","2024-01-17 13:56:25"
"2023-12-31","Ufficio Modelli","Contribuzione Fase 1",,"assumptions_scenario_MD_2023_12.xlsm","2024-01-22 15:00:21"
"2023-12-31","Ufficio Riserve","Elaborazione BEL","Output Ce","Output_BEL_CE_VA_2023_12.rar","2024-02-02 15:59:28"
"2023-12-31","Ufficio Prodotti Vita","Contribuzione Fase 1",,"assumptions_trad_SP_2023_12.xlsm","2024-01-17 13:57:39"
"2023-12-31","Ufficio Modelli","Contribuzione Fase 1",,"Template_sensitivities_Bond_20231231.xlsx","2024-01-22 15:03:11"
"2023-12-31","Ufficio Riserve","Elaborazione BEL","Output Ce","Output_BEL_FDB_2023_12.rar","2024-02-02 16:01:31"
"2023-12-31","Ufficio Modelli","Contribuzione Fase 1",,"Template_sensitivities_Fund_20231231.xlsx","2024-01-22 15:03:50"
"2023-12-31","Ufficio Riserve","Elaborazione BEL","Output Stoc","Output_BEL_STOC_NOVA_2023_12.rar","2024-02-02 16:02:03"
"2023-12-31","Ufficio Riserve","Contribuzione Fase 1","Model Point Linked","linked_input.csv","2024-01-22 15:07:19"
"2023-12-31","Ufficio Riserve","Elaborazione BEL","Output Stoc","Output_BEL_STOC_VA_2023_12.rar","2024-02-02 16:01:53"
"2023-12-31","Ufficio Riserve","Contribuzione Fase 1",,"term_input.csv","2024-01-23 09:15:37"
"2023-12-31","Ufficio Riserve","Elaborazione BEL","Report BEL","Report_BEL_extra_modello.xlsx","2024-02-02 16:03:00"
"2023-12-31","Ufficio Riserve","Contribuzione Fase 1",,"traditional_input.csv","2024-01-22 15:07:11"
"2023-12-31","Ufficio Riserve","Elaborazione BEL","Report BEL","Report_BEL_extra_modello_working.xlsx","2024-02-02 16:03:39"
"2023-12-31","Ufficio Modelli","Contribuzione Fase 1",,"Template_sensitivities_Fund_20231231.xlsx","2024-01-22 15:57:55"
"2023-12-31","Ufficio Riserve","Elaborazione BEL","Report BEL","Report_BEL_FDB_2023_12.xlsx","2024-02-02 16:03:49"
"2023-12-31","Ufficio ALM Asset Allocation","Contribuzione Fase 1","Assumptions Linked","assumptions_linked_AAIT_2023_12.xlsm","2024-01-17 16:20:01"
"2023-12-31","Ufficio Riserve","Contribuzione Fase 1","Model Point Trad","traditional_input.csv","2024-01-31 18:03:11"
"2024-03-31","Ufficio Pianificazione e Controllo","Contribuzione Fase 1","Assumptions Linked","assumptions_linked_PC_2024_03.xlsm","2024-04-12 09:08:50"
"2024-03-31","Ufficio Riserve","Elaborazione BEL","Report BEL","Report_BEL_extra_modello.xlsx","2024-04-22 09:58:03"
"2024-03-31","Ufficio ALM Asset Allocation","Contribuzione Fase 1","Underlying","Underlying_202403.xlsx","2024-04-15 10:31:02"
"2024-03-31","Ufficio Pianificazione e Controllo","Contribuzione Fase 1","Assumptions Term","assumptions_term_PC_2024_03.xlsm","2024-04-12 09:09:20"
"2024-03-31","Ufficio Riserve","Elaborazione BEL","Report BEL","Report_BEL_extra_modello_working.xlsx","2024-04-22 09:58:06"
"2024-03-31","Ufficio Modelli","Contribuzione Fase 1","Assumptions Scenario","assumptions_scenario_MD_2024_03.xlsm","2024-04-15 14:25:16"
"2024-03-31","Ufficio Pianificazione e Controllo","Contribuzione Fase 1","Assumptions Traditional","assumptions_trad_PC_2024_03.xlsm","2024-04-12 09:07:46"
"2024-03-31","Ufficio Riserve","Elaborazione BEL","Report BEL","Report_BEL_FDB_2024_03.xlsx","2024-04-22 09:57:01"
"2024-03-31","Ufficio Modelli","Contribuzione Fase 1","Asset DB","DB_ASSET.xlsx","2024-04-15 14:37:36"
"2024-03-31","Ufficio ALM Asset Allocation","Contribuzione Fase 1","Documents","EndMar2024_MC_SolvencyII_EIOPA_Documentation.zip","2024-04-15 07:41:08"
"2024-03-31","Ufficio Riserve","Elaborazione BEL","Report BEL","Report_BEL_FDB_WORKING_2024_03.xlsx","2024-04-22 09:57:06"
"2024-03-31","Ufficio Modelli","Contribuzione Fase 1","Altro","Template_sensitivities_Bond_20240331.xlsx","2024-04-15 14:38:06"
"2024-03-31","Ufficio Modelli","Contribuzione Fase 1",,"(Modello) 2023_12.zip","2024-02-20 08:21:27"
"2024-03-31","Ufficio Riserve","Elaborazione BEL","Report BEL","REPORT_BEL_NOVA_2024_03.xlsx","2024-04-22 09:56:56"
"2024-03-31","Ufficio Modelli","Contribuzione Fase 1","Altro","Template_sensitivities_Fund_20240331.xlsx","2024-04-15 14:38:36"
"2024-03-31","Ufficio Modelli","Contribuzione Fase 1",,"Template_sensitivities_Bond_2023_12.xlsx","2024-01-24 16:07:14"
"2024-03-31","Ufficio Riserve","Elaborazione BEL","Report BEL","Report_BEL_NOVA_VALIDATION_2024_03.rar","2024-04-22 09:58:18"
"2024-03-31","Ufficio Riserve","Elaborazione BEL","Report BEL","REPORT_BEL_NOVA_WORKING_2024_03.xlsx","2024-04-22 09:56:58"
"2024-03-31","Ufficio Modelli","Contribuzione Fase 1","Assumptions Company","vuoto.txt","2024-04-15 14:26:50"
"2024-03-31","Ufficio Modelli","Contribuzione Fase 1",,"Template_sensitivities_Fund_2023_12.xlsx","2024-01-24 16:07:14"
"2024-03-31","Ufficio Riserve","Elaborazione BEL","Report BEL","REPORT_BEL_VA_2024_03.xlsx","2024-04-22 09:56:39"
"2024-03-31","Ufficio Riserve","Contribuzione Fase 1","Assumptions Company","assumptions_company_RIS_2024_03.xlsm","2024-04-15 17:54:51"
"2024-03-31","Ufficio ALM Asset Allocation","Contribuzione Fase 1","Assumptions Linked","assumptions_linked_AAIT_2024_03.xlsm","2024-04-15 09:02:55"
"2024-03-31","Ufficio Riserve","Elaborazione BEL","Report BEL","Report_BEL_VA_VALIDATION_2024_03.rar","2024-04-22 09:58:15"
"2024-03-31","Ufficio Riserve","Contribuzione Fase 1","Assumptions Linked","assumptions_linked_RIS_2024_03.xlsm","2024-04-15 17:55:06"
"2024-03-31","Ufficio ALM Asset Allocation","Contribuzione Fase 1","Assumptions Scenario","assumptions_scenario_AAIT_2024_03.xlsm","2024-04-15 09:02:33"
"2024-03-31","Ufficio Riserve","Elaborazione BEL","Report BEL","REPORT_BEL_VA_WORKING_2024_03.xlsx","2024-04-22 09:56:42"
"2024-03-31","Ufficio Riserve","Contribuzione Fase 1","Assumptions Term","assumptions_term_RIS_2024_03.xlsm","2024-04-15 17:55:13"
"2024-03-31","Ufficio ALM Asset Allocation","Contribuzione Fase 1","Assumptions Term","assumptions_term_AAIT_2024_03.xlsm","2024-04-15 09:02:57"
"2024-03-31","Ufficio Risk Management","Elaborazione Pro Risk M","Risk Margin","RiskMargin_PV_1Q24_BL.xlsx","2024-04-29 07:17:38"
"2024-03-31","Ufficio Riserve","Contribuzione Fase 1","Assumptions Traditional","assumptions_trad_RIS_2024_03.xlsm","2024-04-15 17:55:00"
"2024-03-31","Ufficio ALM Asset Allocation","Contribuzione Fase 1","Assumptions Traditional","assumptions_trad_AAIT_2024_03.xlsm","2024-04-15 09:02:44"
"2024-03-31","Ufficio Riserve","Contribuzione Fase 1","Model Point Linked","linked_input.csv","2024-04-15 17:55:25"
"2024-03-31","Ufficio ALM Asset Allocation","Contribuzione Fase 1","Credit Scenario","CreditSpreads.rar","2024-04-15 09:02:12"
"2024-03-31","Ufficio Riserve","Contribuzione Fase 1","Model Point Term","term_input.csv","2024-04-15 17:55:33"
"2024-03-31","Ufficio ALM Asset Allocation","Contribuzione Fase 1","Base_noVA","Base_NoVA_2024-03.zip","2024-04-15 10:08:15"
"2024-03-31","Ufficio ALM Asset Allocation","Contribuzione Fase 1","Base_VA","Base_VA_2024-03.zip","2024-04-15 10:08:12"
"2024-03-31","Ufficio Riserve","Contribuzione Fase 1","Model Point Trad","traditional_input.csv","2024-04-16 12:35:39"
"2024-03-31","Ufficio ALM Asset Allocation","Contribuzione Fase 1","IR_DW_noVA","IRDownSII_NoVA_2024-03.zip","2024-04-15 10:09:08"
"2024-03-31","Ufficio Risk Management","Contribuzione Fase 1",,"assumptions_company_RM_2024_03.xlsm","2024-04-18 08:25:19"
"2024-03-31","Ufficio ALM Asset Allocation","Contribuzione Fase 1","IR_DW_VA","IRDownSII_VA_2024-03.zip","2024-04-15 10:09:05"
"2024-03-31","Ufficio Riserve","Elaborazione TP","Technical Provisioning","REPORT_TP_2024_03.xlsx","2024-04-30 09:10:28"
"2024-03-31","Ufficio Risk Management","Contribuzione Fase 1",,"Template_sensitivities_20240331.zip","2024-04-17 07:51:15"
"2024-03-31","Ufficio ALM Asset Allocation","Contribuzione Fase 1","IR_UP_noVA","IRUpSII_NoVA_2024-03.zip","2024-04-15 10:09:12"
"2024-03-31","Ufficio Riserve","Elaborazione TP","Technical Provisioning","Support_TP_2024_03.rar","2024-04-30 09:10:21"
"2024-03-31","Ufficio Modelli","Pubblicazione Modello",,"(Modello) 2023_12.zip","2024-02-20 08:21:27"
"2024-03-31","Ufficio Modelli","Pubblicazione Modello",,"assumptions_company_MD_2024_03.xlsm","2024-04-17 15:04:10"
"2024-03-31","Ufficio ALM Asset Allocation","Contribuzione Fase 1","IR_UP_VA","IRUpSII_VA_2024-03.zip","2024-04-15 10:09:10"
"2024-03-31","Ufficio Risk Management","Elaborazione SCR","Altro","DET_FDB_NOVA.rar","2024-05-06 13:27:36"
"2024-03-31","Ufficio Modelli","Pubblicazione Modello",,"Template_sensitivities_Bond_2023_12.xlsx","2024-01-24 16:07:14"
"2024-03-31","Ufficio ALM Asset Allocation","Contribuzione Fase 1","IR_UP_DUR","Sensitivity+10bps_VA_2024-03.zip","2024-04-15 10:10:16"
"2024-03-31","Ufficio Risk Management","Elaborazione SCR","Altro","DET_FDB_VA.rar","2024-05-06 13:28:08"
"2024-03-31","Ufficio Modelli","Pubblicazione Modello",,"Template_sensitivities_Fund_2023_12.xlsx","2024-01-24 16:07:14"
"2024-03-31","Ufficio ALM Asset Allocation","Contribuzione Fase 1","Altro","Sensitivity+50bps_VA_2024-03.zip","2024-04-15 10:15:28"
"2024-03-31","Ufficio Risk Management","Elaborazione SCR","Output Scr Det Nova","DET_NOVA.rar","2024-05-06 13:25:53"
"2024-03-31","Ufficio Modelli","Pubblicazione Modello",,"vuoto.txt","2024-04-18 07:11:41"
"2024-03-31","Ufficio ALM Asset Allocation","Contribuzione Fase 1",,"Sensitivity-10bps_VA_2024-03.zip","2024-04-15 10:08:29"
"2024-03-31","Ufficio Risk Management","Elaborazione SCR","Output Scr Det Va","DET_VA.rar","2024-05-06 13:27:00"
"2024-03-31","Ufficio Risk Management","Contribuzione Fase 1",,"assumptions_company_RM_2024_03.xlsm","2024-04-18 08:23:59"
"2024-03-31","Ufficio ALM Asset Allocation","Contribuzione Fase 1","Altro","Sensitivity-50bps_VA_2024-03.zip","2024-04-15 10:15:31"
"2024-03-31","Ufficio Risk Management","Elaborazione SCR","Report Scr","SII_VA_1Q24_bl_tagetik.xlsx","2024-05-06 13:29:49"
"2024-03-31","Ufficio Pianificazione e Controllo","Contribuzione Fase 1",,"assumptions_term_PC_2023_12.xlsm","2024-04-05 08:33:22"
"2024-03-31","Ufficio Risk Management","Contribuzione Fase 1",,"Template_sensitivities_20240331.zip","2024-04-18 08:22:25"
"2024-03-31","Ufficio ALM Asset Allocation","Contribuzione Fase 1","IR_DW_DUR","Sensitivity-10bps_VA_2024-03.zip","2024-04-15 10:27:20"
"2024-03-31","Ufficio Risk Management","Elaborazione SCR","Output Scr Stoc Nova","STOC_NOVA.rar","2024-05-06 13:42:06"
"2024-03-31","Ufficio Pianificazione e Controllo","Contribuzione Fase 1",,"assumptions_linked_PC_2023_12.xlsm","2024-04-05 08:33:20"
"2024-03-31","Ufficio Risk Management","Contribuzione Fase 1",,"assumptions_company_RM_2024_03.xlsm","2024-04-18 09:18:46"
"2024-03-31","Ufficio Risk Management","Elaborazione SCR","Output Scr Stoc Va","STOC VA.rar","2024-05-06 14:19:40"
"2024-03-31","Ufficio Pianificazione e Controllo","Contribuzione Fase 1",,"assumptions_trad_PC_2023_12.xlsm","2024-04-05 08:32:10"
"2024-03-31","Ufficio Prodotti Vita","Contribuzione Fase 1","Assumptions Linked","assumptions_linked_SP_2024_03.xlsm","2024-04-08 10:23:02"
"2024-03-31","Ufficio Risk Management","Contribuzione Fase 1","Assumptions Company","assumptions_company_RM_2024_03.xlsm","2024-04-18 09:47:38"
"2024-03-31","Ufficio Prodotti Vita","Contribuzione Fase 1",,"assumptions_term_SP_2024_03.xlsm","2024-04-08 10:24:02"
"2024-03-31","Ufficio Risk Management","Contribuzione Fase 1","Sensitivity SII Asset","Template_sensitivities_20240331.zip","2024-04-18 09:48:18"
"2024-03-31","Ufficio Prodotti Vita","Contribuzione Fase 1","Assumptions Traditional","assumptions_trad_SP_2024_03.xlsm","2024-04-08 10:22:05"
"2024-03-31","Ufficio Modelli","Pubblicazione Modello","Modello","2024_03.zip","2024-04-18 14:34:01"
"2024-03-31","Ufficio Prodotti Vita","Contribuzione Fase 1",,"assumptions_term_SP_2024_03.xlsm","2024-04-08 13:49:07"
"2024-03-31","Ufficio Riserve","Elaborazione BEL","Output Ce","Output_BEL_CE_NOVA_2024_03.rar","2024-04-22 09:53:25"
"2024-03-31","Ufficio Prodotti Vita","Contribuzione Fase 1","Assumptions Term","assumptions_term_SP_2024_03.xlsm","2024-04-09 10:13:55"
"2024-03-31","Ufficio Riserve","Elaborazione BEL","Output Ce","Output_BEL_CE_VA_2024_03.rar","2024-04-22 09:53:16"
"2024-03-31","Ufficio Modelli","Contribuzione Fase 1",,"(Modello) 2023_12.zip","2024-02-20 08:21:27"
"2024-03-31","Ufficio Riserve","Elaborazione BEL","Output Ce","Output_BEL_FDB_2024_03.rar","2024-04-22 09:54:28"
"2024-03-31","Ufficio Modelli","Contribuzione Fase 1",,"Template_sensitivities_Bond_2023_12.xlsx","2024-01-24 16:07:14"
"2024-03-31","Ufficio Riserve","Elaborazione BEL","Output Stoc","Output_BEL_STOC_NOVA_2024_03.rar","2024-04-22 09:52:52"
"2024-03-31","Ufficio Modelli","Contribuzione Fase 1",,"Template_sensitivities_Fund_2023_12.xlsx","2024-01-24 16:07:14"
"2024-03-31","Ufficio Riserve","Elaborazione BEL","Output Stoc","Output_BEL_STOC_VA_2024_03.rar","2024-04-22 09:48:13"
"2024-06-30","Ufficio ALM Asset Allocation","Contribuzione Fase 1","Assumptions Linked","assumptions_linked_AAIT_2024_06.xlsm","2024-07-10 10:31:43"
"2024-06-30","Ufficio Riserve","Elaborazione BEL","Report BEL","Report_BEL_NOVA_VALIDATION_2024_06.rar","2024-07-22 15:22:07"
"2024-06-30","Ufficio ALM Asset Allocation","Contribuzione Fase 1","Assumptions Scenario","assumptions_scenario_AAIT_2024_06.xlsm","2024-07-10 10:31:39"
"2024-06-30","Ufficio Riserve","Elaborazione BEL","Report BEL","REPORT_BEL_NOVA_WORKING_2024_06.xlsx","2024-07-22 15:23:27"
"2024-06-30","Ufficio ALM Asset Allocation","Contribuzione Fase 1","Assumptions Term","assumptions_term_AAIT_2024_06.xlsm","2024-07-10 10:31:46"
"2024-06-30","Ufficio Riserve","Elaborazione BEL","Report BEL","REPORT_BEL_VA_2024_06.xlsx","2024-07-22 15:23:33"
"2024-06-30","Ufficio Riserve","Elaborazione BEL","Report BEL","Report_BEL_VA_VALIDATION_2024_06.rar","2024-07-22 15:21:43"
"2024-06-30","Ufficio ALM Asset Allocation","Contribuzione Fase 1","Assumptions Traditional","assumptions_trad_AAIT_2024_06.xlsm","2024-07-10 10:31:41"
"2024-06-30","Ufficio Riserve","Elaborazione BEL","Report BEL","REPORT_BEL_VA_WORKING_2024_06.xlsx","2024-07-22 15:23:35"
"2024-06-30","Ufficio ALM Asset Allocation","Contribuzione Fase 1","Base_noVA","Base_NoVA_2024-06.zip","2024-07-10 10:30:35"
"2024-06-30","Ufficio Risk Management","Elaborazione Pro Risk M","Risk Margin","RiskMargin_PV_2Q24_BL.xlsx","2024-07-25 09:23:55"
"2024-06-30","Ufficio ALM Asset Allocation","Contribuzione Fase 1","Base_VA","Base_VA_2024-06.zip","2024-07-10 10:30:26"
"2024-06-30","Ufficio Riserve","Contribuzione Fase 1",,"Assumptions_term_PC_2024_06.xlsm","2024-07-15 15:22:47"
"2024-06-30","Ufficio Riserve","Elaborazione TP",,"REPORT_TP_2024_06.xlsx","2024-07-24 13:31:42"
"2024-06-30","Ufficio ALM Asset Allocation","Contribuzione Fase 1","Documents","EndJun2024_MC_SolvencyII_EIOPA_Documentation.zip","2024-07-10 10:37:43"
"2024-06-30","Ufficio Riserve","Contribuzione Fase 1",,"assumptions_term_SP_2024_06.xlsm","2024-07-15 15:22:47"
"2024-06-30","Ufficio Riserve","Elaborazione TP",,"Support_TP_2024_06.rar","2024-07-24 13:31:42"
"2024-06-30","Ufficio ALM Asset Allocation","Contribuzione Fase 1","IR_DW_noVA","IRDownSII_NoVA_2024-06.zip","2024-07-10 10:30:38"
"2024-06-30","Ufficio Riserve","Contribuzione Fase 1",,"Assumptions_trad_PC_2024_06.xlsm","2024-07-15 15:22:47"
"2024-06-30","Ufficio Riserve","Elaborazione TP","Technical Provisioning","REPORT_TP_2024_06.xlsx","2024-07-25 10:41:14"
"2024-06-30","Ufficio ALM Asset Allocation","Contribuzione Fase 1","IR_DW_VA","IRDownSII_VA_2024-06.zip","2024-07-10 10:30:37"
"2024-06-30","Ufficio Riserve","Contribuzione Fase 1",,"assumptions_trad_SP_2024_06.xlsm","2024-07-15 15:22:47"
"2024-06-30","Ufficio Riserve","Elaborazione TP","Technical Provisioning","Support_TP_2024_06.rar","2024-07-25 10:41:23"
"2024-06-30","Ufficio ALM Asset Allocation","Contribuzione Fase 1","IR_UP_noVA","IRUpSII_NoVA_2024-06.zip","2024-07-10 10:30:44"
"2024-06-30","Ufficio Riserve","Contribuzione Fase 1",,"assumptions_company_RIS_2024_06.xlsm","2024-07-15 15:33:43"
"2024-06-30","Ufficio Risk Management","Elaborazione SCR","Altro","DET_FDB_NOVA.zip","2024-07-29 14:30:51"
"2024-06-30","Ufficio ALM Asset Allocation","Contribuzione Fase 1","IR_UP_VA","IRUpSII_VA_2024-06.zip","2024-07-10 10:30:40"
"2024-06-30","Ufficio Riserve","Contribuzione Fase 1","Assumptions Linked","assumptions_linked_RIS_2024_06.xlsm","2024-07-15 15:38:30"
"2024-06-30","Ufficio Risk Management","Elaborazione SCR","Altro","DET_FDB_VA.zip","2024-07-29 14:30:52"
"2024-06-30","Ufficio ALM Asset Allocation","Contribuzione Fase 1","IR_UP_DUR","Sensitivity+10bps_VA_2024-06.zip","2024-07-10 10:37:07"
"2024-06-30","Ufficio Riserve","Contribuzione Fase 1","Assumptions Term","assumptions_term_RIS_2024_06.xlsm","2024-07-15 15:38:45"
"2024-06-30","Ufficio Risk Management","Elaborazione SCR","Output Scr Det Nova","DET_NOVA.zip","2024-07-29 14:30:28"
"2024-06-30","Ufficio ALM Asset Allocation","Contribuzione Fase 1","Altro","Sensitivity+50bps_VA_2024-06.zip","2024-07-10 10:37:47"
"2024-06-30","Ufficio Riserve","Contribuzione Fase 1","Assumptions Traditional","assumptions_trad_RIS_2024_06.xlsm","2024-07-15 15:38:18"
"2024-06-30","Ufficio Risk Management","Elaborazione SCR","Output Scr Det Va","DET_VA.zip","2024-07-29 14:30:40"
"2024-06-30","Ufficio ALM Asset Allocation","Contribuzione Fase 1","IR_DW_DUR","Sensitivity-10bps_VA_2024-06.zip","2024-07-10 10:37:05"
"2024-06-30","Ufficio Riserve","Contribuzione Fase 1","Model Point Linked","linked_input.csv","2024-07-15 15:39:00"
"2024-06-30","Ufficio Riserve","Contribuzione Fase 1","Model Point Term","term_input.csv","2024-07-15 15:39:08"
"2024-06-30","Ufficio Risk Management","Elaborazione SCR","Report Scr","SII_VA_2Q24_bl_tagetik.xlsx","2024-07-29 14:30:07"
"2024-06-30","Ufficio ALM Asset Allocation","Contribuzione Fase 1","Altro","Sensitivity-50bps_VA_2024-06.zip","2024-07-10 10:38:22"
"2024-06-30","Ufficio Riserve","Contribuzione Fase 1","Model Point Trad","traditional_input.csv","2024-07-15 15:38:53"
"2024-06-30","Ufficio ALM Asset Allocation","Contribuzione Fase 1","Underlying","Template_Underlying_v2.xlsx","2024-07-10 10:37:08"
"2024-06-30","Ufficio Riserve","Contribuzione Fase 1","Assumptions Company","assumptions_company_RIS_2024_06.xlsm","2024-07-16 09:19:59"
"2024-06-30","Ufficio ALM Asset Allocation","Contribuzione Fase 1","Credit Scenario","Credit Spread 240630.zip","2024-07-10 13:54:45"
"2024-06-30","Ufficio Risk Management","Contribuzione Fase 1","Assumptions Company","assumptions_company_RM_2024_06.xlsm","2024-07-18 07:24:18"
"2024-06-30","Ufficio Modelli","Contribuzione Fase 1","Assumptions Company","assumptions_company_MD_2024_06_draft.xlsm","2024-07-15 07:25:45"
"2024-06-30","Ufficio Risk Management","Contribuzione Fase 1","Sensitivity SII Asset","Template_sensitivities_20240630.zip","2024-07-18 07:24:29"
"2024-06-30","Ufficio Modelli","Contribuzione Fase 1","Assumptions Scenario","assumptions_scenario_MD_2024_06.xlsm","2024-07-15 07:20:35"
"2024-06-30","Ufficio Modelli","Pubblicazione Modello",,"assumptions_company_MD_2024_03.xlsm","2024-04-17 15:04:10"
"2024-06-30","Ufficio Risk Management","Elaborazione SCR","Output Scr Stoc Nova","STOC_NOVA.zip","2024-07-29 14:32:15"
"2024-06-30","Ufficio Modelli","Contribuzione Fase 1","Asset DB","bond_input.csv","2024-07-15 07:27:34"
"2024-06-30","Ufficio Modelli","Pubblicazione Modello",,"vuoto.txt","2024-04-18 07:11:41"
"2024-06-30","Ufficio Risk Management","Elaborazione SCR","Output Scr Stoc Va","STOC_VA.zip","2024-07-29 14:55:00"
"2024-06-30","Ufficio Modelli","Contribuzione Fase 1","Altro","equity_input.csv","2024-07-15 07:27:57"
"2024-06-30","Ufficio Modelli","Contribuzione Fase 1","Altro","Template_sensitivities_Bond_20240630.xlsx","2024-07-15 07:28:06"
"2024-06-30","Ufficio Modelli","Pubblicazione Modello","Modello","2024_06.zip","2024-07-18 09:18:19"
"2024-06-30","Ufficio Modelli","Contribuzione Fase 1","Altro","Template_sensitivities_Fund_20240630.xlsx","2024-07-15 07:28:12"
"2024-06-30","Ufficio Riserve","Elaborazione BEL","Output Ce","Output_BEL_CE_NOVA_2024_06.rar","2024-07-22 15:20:37"
"2024-06-30","Ufficio Riserve","Contribuzione Fase 1",,"Assumptions_linked_PC_2024_06.xlsm","2024-07-15 15:22:47"
"2024-06-30","Ufficio Riserve","Elaborazione BEL","Output Ce","Output_BEL_CE_VA_2024_06.rar","2024-07-22 15:18:20"
"2024-06-30","Ufficio Riserve","Contribuzione Fase 1",,"assumptions_linked_SP_2024_06.xlsm","2024-07-15 15:22:47"
"2024-06-30","Ufficio Riserve","Elaborazione BEL","Output Ce","Output_BEL_FDB_2024_06.rar","2024-07-22 15:20:28"
"2024-06-30","Ufficio Pianificazione e Controllo","Contribuzione Fase 1","Assumptions Linked","Assumptions_linked_PC_2024_06.xlsm","2024-07-02 13:45:29"
"2024-06-30","Ufficio Riserve","Elaborazione BEL","Output Stoc","Output_BEL_STOC_NOVA_2024_06.rar","2024-07-22 15:21:34"
"2024-06-30","Ufficio Pianificazione e Controllo","Contribuzione Fase 1","Assumptions Term","Assumptions_term_PC_2024_06.xlsm","2024-07-02 13:45:54"
"2024-06-30","Ufficio Riserve","Elaborazione BEL","Output Stoc","Output_BEL_STOC_VA_2024_06.rar","2024-07-22 15:21:27"
"2024-06-30","Ufficio Pianificazione e Controllo","Contribuzione Fase 1","Assumptions Traditional","Assumptions_trad_PC_2024_06.xlsm","2024-07-02 13:44:42"
"2024-06-30","Ufficio Riserve","Elaborazione BEL","Report BEL","Report_BEL_extra_modello.xlsx","2024-07-22 15:22:53"
"2024-06-30","Ufficio Prodotti Vita","Contribuzione Fase 1","Assumptions Linked","assumptions_linked_SP_2024_06.xlsm","2024-07-08 09:23:33"
"2024-06-30","Ufficio Riserve","Elaborazione BEL","Report BEL","Report_BEL_extra_modello_working.xlsx","2024-07-22 15:23:00"
"2024-06-30","Ufficio Prodotti Vita","Contribuzione Fase 1","Assumptions Term","assumptions_term_SP_2024_06.xlsm","2024-07-08 09:24:27"
"2024-06-30","Ufficio Riserve","Elaborazione BEL","Report BEL","Report_BEL_FDB_2024_06.xlsx","2024-07-22 15:23:07"
"2024-06-30","Ufficio Prodotti Vita","Contribuzione Fase 1","Assumptions Traditional","assumptions_trad_SP_2024_06.xlsm","2024-07-08 09:21:32"
"2024-06-30","Ufficio Riserve","Elaborazione BEL","Report BEL","Report_BEL_FDB_WORKING_2024_06.xlsx","2024-07-22 15:23:12"
"2024-06-30","Ufficio Modelli","Contribuzione Fase 1",,"assumptions_company_MD_2024_03.xlsm","2024-04-17 15:04:10"
"2024-06-30","Ufficio Modelli","Contribuzione Fase 1",,"vuoto.txt","2024-04-18 07:11:41"
"2024-06-30","Ufficio Riserve","Elaborazione BEL","Report BEL","REPORT_BEL_NOVA_2024_06.xlsx","2024-07-22 15:23:21"